timestamp,value
2026-09-19T01:00:00-06:00,2.3
2026-09-19T02:00:00-06:00,2.5
2026-09-19T03:00:00-06:00,2.8
2026-09-19T04:00:00-06:00,3.1
2026-09-19T05:00:00-06:00,3.6
2026-09-19T06:00:00-06:00,4.3
2026-09-19T07:00:00-06:00,4.3
2026-09-19T08:00:00-06:00,4.4
2026-09-19T16:00:00-06:00,3.6
2026-09-19T17:00:00-06:00,2.5
2026-09-19T18:00:00-06:00,2.0
2026-09-19T19:00:00-06:00,2.4
2026-09-19T20:00:00-06:00,2.6
2026-09-19T21:00:00-06:00,2.6
2026-09-19T22:00:00-06:00,2.6
2026-09-19T23:00:00-06:00,2.6
2026-09-20T00:00:00-06:00,2.6
